{
    "0": {
        "precision": 0.6666666666666666,
        "recall": 0.07692307692307693,
        "f1-score": 0.13793103448275862,
        "support": 26
    },
    "1": {
        "precision": 0.5102040816326531,
        "recall": 0.9615384615384616,
        "f1-score": 0.6666666666666667,
        "support": 26
    },
    "accuracy": 0.5192307692307693,
    "macro avg": {
        "precision": 0.5884353741496599,
        "recall": 0.5192307692307693,
        "f1-score": 0.4022988505747127,
        "support": 52
    },
    "weighted avg": {
        "precision": 0.5884353741496599,
        "recall": 0.5192307692307693,
        "f1-score": 0.40229885057471265,
        "support": 52
    }
}