{
    "0": {
        "precision": 0.4642857142857143,
        "recall": 0.5,
        "f1-score": 0.4814814814814815,
        "support": 26
    },
    "1": {
        "precision": 0.4583333333333333,
        "recall": 0.4230769230769231,
        "f1-score": 0.43999999999999995,
        "support": 26
    },
    "accuracy": 0.46153846153846156,
    "macro avg": {
        "precision": 0.46130952380952384,
        "recall": 0.46153846153846156,
        "f1-score": 0.46074074074074073,
        "support": 52
    },
    "weighted avg": {
        "precision": 0.4613095238095238,
        "recall": 0.46153846153846156,
        "f1-score": 0.46074074074074073,
        "support": 52
    }
}