{
    "0": {
        "precision": 0.7241379310344828,
        "recall": 1.0,
        "f1-score": 0.8400000000000001,
        "support": 21
    },
    "1": {
        "precision": 1.0,
        "recall": 0.6190476190476191,
        "f1-score": 0.7647058823529412,
        "support": 21
    },
    "accuracy": 0.8095238095238095,
    "macro avg": {
        "precision": 0.8620689655172413,
        "recall": 0.8095238095238095,
        "f1-score": 0.8023529411764707,
        "support": 42
    },
    "weighted avg": {
        "precision": 0.8620689655172414,
        "recall": 0.8095238095238095,
        "f1-score": 0.8023529411764707,
        "support": 42
    }
}