{
    "-1": {
        "precision": 0.6052631578947368,
        "recall": 0.8846153846153846,
        "f1-score": 0.71875,
        "support": 26
    },
    "1": {
        "precision": 0.7857142857142857,
        "recall": 0.4230769230769231,
        "f1-score": 0.55,
        "support": 26
    },
    "accuracy": 0.6538461538461539,
    "macro avg": {
        "precision": 0.6954887218045113,
        "recall": 0.6538461538461539,
        "f1-score": 0.634375,
        "support": 52
    },
    "weighted avg": {
        "precision": 0.6954887218045112,
        "recall": 0.6538461538461539,
        "f1-score": 0.6343749999999999,
        "support": 52
    }
}