{
    "-1": {
        "precision": 0.5948717948717949,
        "recall": 0.7891156462585034,
        "f1-score": 0.6783625730994152,
        "support": 147
    },
    "1": {
        "precision": 0.6868686868686869,
        "recall": 0.46258503401360546,
        "f1-score": 0.5528455284552846,
        "support": 147
    },
    "accuracy": 0.6258503401360545,
    "macro avg": {
        "precision": 0.6408702408702409,
        "recall": 0.6258503401360545,
        "f1-score": 0.6156040507773499,
        "support": 294
    },
    "weighted avg": {
        "precision": 0.6408702408702409,
        "recall": 0.6258503401360545,
        "f1-score": 0.6156040507773498,
        "support": 294
    }
}