{
    "-1": {
        "precision": 0.6153846153846154,
        "recall": 0.7619047619047619,
        "f1-score": 0.6808510638297872,
        "support": 147
    },
    "1": {
        "precision": 0.6875,
        "recall": 0.5238095238095238,
        "f1-score": 0.5945945945945946,
        "support": 147
    },
    "accuracy": 0.6428571428571429,
    "macro avg": {
        "precision": 0.6514423076923077,
        "recall": 0.6428571428571428,
        "f1-score": 0.6377228292121909,
        "support": 294
    },
    "weighted avg": {
        "precision": 0.6514423076923077,
        "recall": 0.6428571428571429,
        "f1-score": 0.6377228292121909,
        "support": 294
    }
}