{
    "-1": {
        "precision": 0.6176470588235294,
        "recall": 1.0,
        "f1-score": 0.7636363636363637,
        "support": 21
    },
    "1": {
        "precision": 1.0,
        "recall": 0.38095238095238093,
        "f1-score": 0.5517241379310345,
        "support": 21
    },
    "accuracy": 0.6904761904761905,
    "macro avg": {
        "precision": 0.8088235294117647,
        "recall": 0.6904761904761905,
        "f1-score": 0.6576802507836991,
        "support": 42
    },
    "weighted avg": {
        "precision": 0.8088235294117647,
        "recall": 0.6904761904761905,
        "f1-score": 0.6576802507836991,
        "support": 42
    }
}