{
    "-1": {
        "precision": 0.6102941176470589,
        "recall": 0.83,
        "f1-score": 0.7033898305084746,
        "support": 100
    },
    "1": {
        "precision": 0.734375,
        "recall": 0.47,
        "f1-score": 0.573170731707317,
        "support": 100
    },
    "accuracy": 0.65,
    "macro avg": {
        "precision": 0.6723345588235294,
        "recall": 0.6499999999999999,
        "f1-score": 0.6382802811078958,
        "support": 200
    },
    "weighted avg": {
        "precision": 0.6723345588235294,
        "recall": 0.65,
        "f1-score": 0.6382802811078958,
        "support": 200
    }
}