{
    "-1": {
        "precision": 0.6510416666666666,
        "recall": 0.8503401360544217,
        "f1-score": 0.7374631268436578,
        "support": 147
    },
    "1": {
        "precision": 0.7843137254901961,
        "recall": 0.54421768707483,
        "f1-score": 0.6425702811244981,
        "support": 147
    },
    "accuracy": 0.6972789115646258,
    "macro avg": {
        "precision": 0.7176776960784313,
        "recall": 0.6972789115646258,
        "f1-score": 0.6900167039840779,
        "support": 294
    },
    "weighted avg": {
        "precision": 0.7176776960784315,
        "recall": 0.6972789115646258,
        "f1-score": 0.690016703984078,
        "support": 294
    }
}