{
    "-1": {
        "precision": 0.6715328467153284,
        "recall": 0.92,
        "f1-score": 0.7763713080168776,
        "support": 100
    },
    "1": {
        "precision": 0.873015873015873,
        "recall": 0.55,
        "f1-score": 0.6748466257668712,
        "support": 100
    },
    "accuracy": 0.735,
    "macro avg": {
        "precision": 0.7722743598656008,
        "recall": 0.7350000000000001,
        "f1-score": 0.7256089668918744,
        "support": 200
    },
    "weighted avg": {
        "precision": 0.7722743598656007,
        "recall": 0.735,
        "f1-score": 0.7256089668918745,
        "support": 200
    }
}