{
    "-1": {
        "precision": 0.7037037037037037,
        "recall": 0.95,
        "f1-score": 0.8085106382978724,
        "support": 100
    },
    "1": {
        "precision": 0.9230769230769231,
        "recall": 0.6,
        "f1-score": 0.7272727272727274,
        "support": 100
    },
    "accuracy": 0.775,
    "macro avg": {
        "precision": 0.8133903133903134,
        "recall": 0.7749999999999999,
        "f1-score": 0.7678916827853,
        "support": 200
    },
    "weighted avg": {
        "precision": 0.8133903133903133,
        "recall": 0.775,
        "f1-score": 0.7678916827852998,
        "support": 200
    }
}