{
    "-1": {
        "precision": 0.6415094339622641,
        "recall": 0.9251700680272109,
        "f1-score": 0.7576601671309192,
        "support": 147
    },
    "1": {
        "precision": 0.8658536585365854,
        "recall": 0.48299319727891155,
        "f1-score": 0.6200873362445415,
        "support": 147
    },
    "accuracy": 0.7040816326530612,
    "macro avg": {
        "precision": 0.7536815462494247,
        "recall": 0.7040816326530612,
        "f1-score": 0.6888737516877304,
        "support": 294
    },
    "weighted avg": {
        "precision": 0.7536815462494247,
        "recall": 0.7040816326530612,
        "f1-score": 0.6888737516877304,
        "support": 294
    }
}