{
    "-1": {
        "precision": 0.7777777777777778,
        "recall": 1.0,
        "f1-score": 0.8750000000000001,
        "support": 21
    },
    "1": {
        "precision": 1.0,
        "recall": 0.7142857142857143,
        "f1-score": 0.8333333333333333,
        "support": 21
    },
    "accuracy": 0.8571428571428571,
    "macro avg": {
        "precision": 0.8888888888888888,
        "recall": 0.8571428571428572,
        "f1-score": 0.8541666666666667,
        "support": 42
    },
    "weighted avg": {
        "precision": 0.8888888888888887,
        "recall": 0.8571428571428571,
        "f1-score": 0.8541666666666666,
        "support": 42
    }
}