{
    "-1": {
        "precision": 0.649746192893401,
        "recall": 0.8707482993197279,
        "f1-score": 0.744186046511628,
        "support": 147
    },
    "1": {
        "precision": 0.8041237113402062,
        "recall": 0.5306122448979592,
        "f1-score": 0.6393442622950821,
        "support": 147
    },
    "accuracy": 0.7006802721088435,
    "macro avg": {
        "precision": 0.7269349521168036,
        "recall": 0.7006802721088435,
        "f1-score": 0.6917651544033551,
        "support": 294
    },
    "weighted avg": {
        "precision": 0.7269349521168036,
        "recall": 0.7006802721088435,
        "f1-score": 0.6917651544033551,
        "support": 294
    }
}