{
    "-1": {
        "precision": 0.5855263157894737,
        "recall": 0.6054421768707483,
        "f1-score": 0.5953177257525083,
        "support": 147
    },
    "1": {
        "precision": 0.5915492957746479,
        "recall": 0.5714285714285714,
        "f1-score": 0.5813148788927336,
        "support": 147
    },
    "accuracy": 0.5884353741496599,
    "macro avg": {
        "precision": 0.5885378057820607,
        "recall": 0.5884353741496599,
        "f1-score": 0.588316302322621,
        "support": 294
    },
    "weighted avg": {
        "precision": 0.5885378057820608,
        "recall": 0.5884353741496599,
        "f1-score": 0.588316302322621,
        "support": 294
    }
}