{
    "0": {
        "precision": 1.0,
        "recall": 0.8076923076923077,
        "f1-score": 0.8936170212765957,
        "support": 26
    },
    "1": {
        "precision": 0.8387096774193549,
        "recall": 1.0,
        "f1-score": 0.9122807017543859,
        "support": 26
    },
    "accuracy": 0.9038461538461539,
    "macro avg": {
        "precision": 0.9193548387096775,
        "recall": 0.9038461538461539,
        "f1-score": 0.9029488615154908,
        "support": 52
    },
    "weighted avg": {
        "precision": 0.9193548387096775,
        "recall": 0.9038461538461539,
        "f1-score": 0.9029488615154909,
        "support": 52
    }
}