{
    "-1": {
        "precision": 0.6,
        "recall": 0.46153846153846156,
        "f1-score": 0.5217391304347826,
        "support": 26
    },
    "1": {
        "precision": 0.5625,
        "recall": 0.6923076923076923,
        "f1-score": 0.6206896551724138,
        "support": 26
    },
    "accuracy": 0.5769230769230769,
    "macro avg": {
        "precision": 0.58125,
        "recall": 0.5769230769230769,
        "f1-score": 0.5712143928035982,
        "support": 52
    },
    "weighted avg": {
        "precision": 0.58125,
        "recall": 0.5769230769230769,
        "f1-score": 0.5712143928035982,
        "support": 52
    }
}