{
    "-1": {
        "precision": 0.5754189944134078,
        "recall": 0.7006802721088435,
        "f1-score": 0.6319018404907976,
        "support": 147
    },
    "1": {
        "precision": 0.6173913043478261,
        "recall": 0.48299319727891155,
        "f1-score": 0.5419847328244275,
        "support": 147
    },
    "accuracy": 0.5918367346938775,
    "macro avg": {
        "precision": 0.596405149380617,
        "recall": 0.5918367346938775,
        "f1-score": 0.5869432866576125,
        "support": 294
    },
    "weighted avg": {
        "precision": 0.5964051493806171,
        "recall": 0.5918367346938775,
        "f1-score": 0.5869432866576125,
        "support": 294
    }
}