{
    "-1": {
        "precision": 0.6451612903225806,
        "recall": 0.8,
        "f1-score": 0.7142857142857142,
        "support": 100
    },
    "1": {
        "precision": 0.7368421052631579,
        "recall": 0.56,
        "f1-score": 0.6363636363636364,
        "support": 100
    },
    "accuracy": 0.68,
    "macro avg": {
        "precision": 0.6910016977928692,
        "recall": 0.68,
        "f1-score": 0.6753246753246753,
        "support": 200
    },
    "weighted avg": {
        "precision": 0.6910016977928691,
        "recall": 0.68,
        "f1-score": 0.6753246753246752,
        "support": 200
    }
}