{
    "-1": {
        "precision": 0.6,
        "recall": 0.6923076923076923,
        "f1-score": 0.6428571428571429,
        "support": 26
    },
    "1": {
        "precision": 0.6363636363636364,
        "recall": 0.5384615384615384,
        "f1-score": 0.5833333333333334,
        "support": 26
    },
    "accuracy": 0.6153846153846154,
    "macro avg": {
        "precision": 0.6181818181818182,
        "recall": 0.6153846153846154,
        "f1-score": 0.6130952380952381,
        "support": 52
    },
    "weighted avg": {
        "precision": 0.6181818181818183,
        "recall": 0.6153846153846154,
        "f1-score": 0.6130952380952381,
        "support": 52
    }
}