{
    "-1": {
        "precision": 0.6594594594594595,
        "recall": 0.8299319727891157,
        "f1-score": 0.7349397590361447,
        "support": 147
    },
    "1": {
        "precision": 0.7706422018348624,
        "recall": 0.5714285714285714,
        "f1-score": 0.65625,
        "support": 147
    },
    "accuracy": 0.7006802721088435,
    "macro avg": {
        "precision": 0.715050830647161,
        "recall": 0.7006802721088435,
        "f1-score": 0.6955948795180724,
        "support": 294
    },
    "weighted avg": {
        "precision": 0.715050830647161,
        "recall": 0.7006802721088435,
        "f1-score": 0.6955948795180723,
        "support": 294
    }
}