{
    "-1": {
        "precision": 0.5714285714285714,
        "recall": 0.7692307692307693,
        "f1-score": 0.6557377049180327,
        "support": 26
    },
    "1": {
        "precision": 0.6470588235294118,
        "recall": 0.4230769230769231,
        "f1-score": 0.5116279069767442,
        "support": 26
    },
    "accuracy": 0.5961538461538461,
    "macro avg": {
        "precision": 0.6092436974789917,
        "recall": 0.5961538461538461,
        "f1-score": 0.5836828059473884,
        "support": 52
    },
    "weighted avg": {
        "precision": 0.6092436974789917,
        "recall": 0.5961538461538461,
        "f1-score": 0.5836828059473884,
        "support": 52
    }
}