{
    "-1": {
        "precision": 0.6774193548387096,
        "recall": 1.0,
        "f1-score": 0.8076923076923077,
        "support": 21
    },
    "1": {
        "precision": 1.0,
        "recall": 0.5238095238095238,
        "f1-score": 0.6875000000000001,
        "support": 21
    },
    "accuracy": 0.7619047619047619,
    "macro avg": {
        "precision": 0.8387096774193548,
        "recall": 0.7619047619047619,
        "f1-score": 0.747596153846154,
        "support": 42
    },
    "weighted avg": {
        "precision": 0.8387096774193549,
        "recall": 0.7619047619047619,
        "f1-score": 0.747596153846154,
        "support": 42
    }
}