{
    "-1": {
        "precision": 0.6260162601626016,
        "recall": 0.77,
        "f1-score": 0.6905829596412556,
        "support": 100
    },
    "1": {
        "precision": 0.7012987012987013,
        "recall": 0.54,
        "f1-score": 0.6101694915254237,
        "support": 100
    },
    "accuracy": 0.655,
    "macro avg": {
        "precision": 0.6636574807306515,
        "recall": 0.655,
        "f1-score": 0.6503762255833396,
        "support": 200
    },
    "weighted avg": {
        "precision": 0.6636574807306513,
        "recall": 0.655,
        "f1-score": 0.6503762255833396,
        "support": 200
    }
}