{
    "-1": {
        "precision": 0.5789473684210527,
        "recall": 0.673469387755102,
        "f1-score": 0.6226415094339622,
        "support": 147
    },
    "1": {
        "precision": 0.6097560975609756,
        "recall": 0.5102040816326531,
        "f1-score": 0.5555555555555556,
        "support": 147
    },
    "accuracy": 0.5918367346938775,
    "macro avg": {
        "precision": 0.5943517329910142,
        "recall": 0.5918367346938775,
        "f1-score": 0.5890985324947589,
        "support": 294
    },
    "weighted avg": {
        "precision": 0.5943517329910141,
        "recall": 0.5918367346938775,
        "f1-score": 0.589098532494759,
        "support": 294
    }
}