{
    "-1": {
        "precision": 0.5238095238095238,
        "recall": 0.4230769230769231,
        "f1-score": 0.4680851063829788,
        "support": 26
    },
    "1": {
        "precision": 0.5161290322580645,
        "recall": 0.6153846153846154,
        "f1-score": 0.5614035087719298,
        "support": 26
    },
    "accuracy": 0.5192307692307693,
    "macro avg": {
        "precision": 0.5199692780337941,
        "recall": 0.5192307692307693,
        "f1-score": 0.5147443075774543,
        "support": 52
    },
    "weighted avg": {
        "precision": 0.5199692780337941,
        "recall": 0.5192307692307693,
        "f1-score": 0.5147443075774543,
        "support": 52
    }
}