{
    "-1": {
        "precision": 0.6363636363636364,
        "recall": 1.0,
        "f1-score": 0.7777777777777778,
        "support": 21
    },
    "1": {
        "precision": 1.0,
        "recall": 0.42857142857142855,
        "f1-score": 0.6,
        "support": 21
    },
    "accuracy": 0.7142857142857143,
    "macro avg": {
        "precision": 0.8181818181818181,
        "recall": 0.7142857142857143,
        "f1-score": 0.6888888888888889,
        "support": 42
    },
    "weighted avg": {
        "precision": 0.8181818181818181,
        "recall": 0.7142857142857143,
        "f1-score": 0.6888888888888888,
        "support": 42
    }
}