{
    "-1": {
        "precision": 0.5906432748538012,
        "recall": 0.6870748299319728,
        "f1-score": 0.6352201257861635,
        "support": 147
    },
    "1": {
        "precision": 0.6260162601626016,
        "recall": 0.5238095238095238,
        "f1-score": 0.5703703703703704,
        "support": 147
    },
    "accuracy": 0.6054421768707483,
    "macro avg": {
        "precision": 0.6083297675082013,
        "recall": 0.6054421768707483,
        "f1-score": 0.602795248078267,
        "support": 294
    },
    "weighted avg": {
        "precision": 0.6083297675082014,
        "recall": 0.6054421768707483,
        "f1-score": 0.602795248078267,
        "support": 294
    }
}