{
    "0": {
        "precision": 0.9130434782608695,
        "recall": 1.0,
        "f1-score": 0.9545454545454545,
        "support": 21
    },
    "1": {
        "precision": 1.0,
        "recall": 0.9047619047619048,
        "f1-score": 0.9500000000000001,
        "support": 21
    },
    "accuracy": 0.9523809523809523,
    "macro avg": {
        "precision": 0.9565217391304348,
        "recall": 0.9523809523809523,
        "f1-score": 0.9522727272727273,
        "support": 42
    },
    "weighted avg": {
        "precision": 0.9565217391304347,
        "recall": 0.9523809523809523,
        "f1-score": 0.9522727272727274,
        "support": 42
    }
}