{
    "-1": {
        "precision": 0.6,
        "recall": 1.0,
        "f1-score": 0.7499999999999999,
        "support": 21
    },
    "1": {
        "precision": 1.0,
        "recall": 0.3333333333333333,
        "f1-score": 0.5,
        "support": 21
    },
    "accuracy": 0.6666666666666666,
    "macro avg": {
        "precision": 0.8,
        "recall": 0.6666666666666666,
        "f1-score": 0.625,
        "support": 42
    },
    "weighted avg": {
        "precision": 0.8,
        "recall": 0.6666666666666666,
        "f1-score": 0.625,
        "support": 42
    }
}