{
    "-1": {
        "precision": 0.631578947368421,
        "recall": 0.9230769230769231,
        "f1-score": 0.7499999999999999,
        "support": 26
    },
    "1": {
        "precision": 0.8571428571428571,
        "recall": 0.46153846153846156,
        "f1-score": 0.6,
        "support": 26
    },
    "accuracy": 0.6923076923076923,
    "macro avg": {
        "precision": 0.744360902255639,
        "recall": 0.6923076923076923,
        "f1-score": 0.6749999999999999,
        "support": 52
    },
    "weighted avg": {
        "precision": 0.744360902255639,
        "recall": 0.6923076923076923,
        "f1-score": 0.6749999999999999,
        "support": 52
    }
}